"OBJECTID_1,N,9,0","OBJECTID,N,9,0","DWR_,C,12","SUBBSN_,C,12","BAS_SBBSN,C,254","GWBASIN,C,40","SUBNAME,C,40","ACRES,N,19,11","BUDGET_TYP,C,50","Regional_O,N,4,0","Shape_Leng,N,19,11","Shape_Le_1,N,19,11","Shape_Area,N,19,11"
1,1,9-19,,9-19,TIA JUANA,,7448.091,A,4,30362.2444765,0.305710051,0.0028744551
2,2,9-18,,9-18,OTAY VALLEY,,6869.394,C,4,50158.8616315,0.515211141,0.0026519681
3,3,9-29,,9-29,POTRERO VALLEY,,2035.318,C,4,21649.3984509,0.2165505082,0.0007850178
4,4,7-47,,7-47,JACUMBA VALLEY,,2471.536,A,4,27114.803909,0.2668288317,0.0009521645
5,5,9-28,,9-28,CAMPO VALLEY,,3568.722,C,4,41940.8412524,0.3989555081,0.0013759867
6,6,9-17,,9-17,SWEETWATER VALLEY,,5948.959,C,4,85559.3745854,0.8491927702,0.0022986731
7,7,7-61,,7-61,DAVIES VALLEY,,3599.933,C,4,26911.4418028,0.2607123718,0.0013866947
8,8,9-27,,9-27,COTTONWOOD VALLEY,,3871.11,C,4,42277.041653,0.4066739593,0.0014942323
9,9,9-14,,9-14,MISSION VALLEY,,7386.883,C,4,72192.1266098,0.7327511285,0.0028578569
10,10,9-16,,9-16,EL CAJON VALLEY,,7203.055,C,4,24574.0970259,0.243527843,0.0027864439
11,11,9-15,,9-15,SAN DIEGO RIVER VALLEY,,9943.91,C,4,79016.1567325,0.7877378219,0.0038492278
12,12,7-46,,7-46,CANEBRAKE VALLEY,,5459.606,C,4,44918.417341,0.4494408995,0.0021104429
13,13,7-29,,7-29,COYOTE WELLS VALLEY,,147087.945,A,4,210991.734917,2.0855209389,0.0567279087
14,14,9-13,,9-13,POWAY VALLEY,,2484.872,C,4,25707.3995046,0.2628616937,0.0009631694
15,15,9-12,,9-12,SAN DIEGUITO CREEK,,3577.603,A,4,31103.6277583,0.3126967572,0.001387775
16,16,7-59,,7-59,MASON VALLEY,,5567.186,C,4,40132.7312618,0.400051069,0.0021551941
17,17,9-23,,9-23,SAN ELIJO VALLEY,,887.899,C,4,14959.5299639,0.1439302807,0.0003446018
18,18,7-28,,7-28,VALLECITO-CARRIZO VALLEY,,122943.32,C,4,225921.236213,2.243634922,0.0475253722
19,19,9-11,,9-11,SANTA MARIA VALLEY,,12379.252,A,4,70472.1373661,0.6992974827,0.0048007865
20,20,7-36,,7-36,YUMA VALLEY,,121923.183,C,4,289372.342194,2.8391999511,0.048318144
21,21,9-22,,9-22,BATIQUITOS LAGOON VALLEY,,745.355,C,4,11441.9468983,0.1089174275,0.0002895294
22,22,9-10,,9-10,SAN PASQUAL VALLEY,,4563.312,C,4,46976.9347078,0.4657348736,0.0017710871
23,23,7-35,,7-35,OGILBY VALLEY,,135017.132,C,4,186987.099079,1.8397381927,0.0519609389
24,24,9-32,,9-32,SAN MARCOS AREA,,2143.563,C,4,15717.6189624,0.1566635963,0.0008328958
25,25,9-9,,9-9,ESCONDIDO VALLEY,,2906.337,C,4,27220.6418395,0.2719828297,0.0011288697
26,26,7-56,,7-56,YAQUI WELL AREA,,15097.925,C,4,93903.8374879,0.940410049,0.0058508319
27,27,9-24,,9-24,PAMO VALLEY,,1513.526,C,4,20000.1400244,0.1897390361,0.0005876126
28,28,7-27,,7-27,SAN FELIPE VALLEY,,23572.542,C,4,125233.055519,1.2421718233,0.0091360023
29,29,9-25,,9-25,RANCHITA TOWN AREA,,3145.544,C,4,20987.17604,0.2103979876,0.0012210925
30,30,7-34,,7-34,AMOS VALLEY,,131583.8,C,4,199081.345552,1.9614723676,0.0507773719
31,31,9-8,,9-8,WARNER VALLEY,,24150.034,C,4,91335.966036,0.9088089813,0.0093848899
32,32,7-30,,7-30,IMPERIAL VALLEY,,969016.643,A,4,288030.071719,2.8836741085,0.3735271622
33,33,9-4,,9-4,SANTA MARGARITA VALLEY,,7997.572,A,4,68266.5767648,0.6619950451,0.0031142061
34,34,9-7,,9-7,SAN LUIS REY VALLEY,,29864.503,C,4,254998.813952,2.5410126903,0.011623156
35,35,9-3,,9-3,SAN ONOFRE VALLEY,,1260.618,A,4,17623.8101035,0.1833200345,0.0004916509
36,36,7-24,,7-24,BORREGO VALLEY,,153978.377,A,4,335869.91554,3.3442266726,0.0596586807
37,37,7-22,,7-22,WEST SALTON SEA,,106408.216,C,4,95270.9047898,0.9500921623,0.0412749481
38,38,7-25,,7-25,OCOTILLO-CLARK VALLEY,,224415.908,C,4,258330.874701,2.5757401287,0.0869470508
39,39,9-2,,9-2,SAN MATEO VALLEY,,3009.185,A,4,46442.0024114,0.4536403027,0.0011741862
40,40,7-55,,7-55,COLLINS VALLEY,,7120.672,C,4,72211.6590537,0.7113627112,0.0027702261
41,41,7-33,,7-33,EAST SALTON SEA,,197042.556,C,4,350408.274407,3.4494377881,0.0763603848
42,42,7-54,,7-54,BUCK RIDGE FAULT VALLEY,,6973.6,C,4,52892.2975261,0.5362639882,0.0027140154
43,43,7-26,,7-26,TERWILLIGER VALLEY,,8080.58,C,4,34575.629249,0.3449042721,0.0031478239
44,44,7-37,,7-37,ARROYO SECO VALLEY,,259805.721,C,4,411405.978401,4.0456687586,0.1005113333
45,45,7-63,,7-63,VANDEVENTER FLAT,,6786.778,C,4,44320.7402494,0.449484082,0.00264466
46,46,9-6,,9-6,CAHUILLA VALLEY,,18341.571,C,4,92930.703378,0.9205357617,0.0071510022
47,47,9-5,,9-5,TEMECULA VALLEY,,88338.149,C,4,246951.406203,2.4758867073,0.034463818
48,48,9-1,,9-1,SAN JUAN VALLEY,,16796.782,C,4,166372.538166,1.598336292,0.0065647657
49,49,7-32,,7-32,CHOCOLATE VALLEY,,130507.011,C,4,289889.903744,2.8774509472,0.0507065279
50,50,8-6,,8-6,HEMET LAKE VALLEY,,16810.576,C,4,88303.3733107,0.8676921546,0.00655982
51,51,7-31,,7-31,OROCOPIA VALLEY,,97214.25,A,4,302954.361011,2.9910874273,0.0378462145
52,52,8-4,,8-4,ELSINORE,,25873.33,C,4,117063.92083,1.1605515447,0.0101232787
53,53,7-38,,7-38,PALO VERDE VALLEY,,74004.226,A,4,147498.682791,1.436083921,0.0286561357
54,54,8-2,8-2.09,8-2.09,UPPER SANTA ANA VALLEY,TEMESCAL,23654.433,C,4,68882.953674,0.6846953267,0.0092770124
55,55,8-1,,8-1,COASTAL PLAIN OF ORANGE COUNTY,,223221.744,A,4,314491.79814,3.1444170588,0.0875054341
56,56,7-39,,7-39,PALO VERDE MESA,,228010.051,C,4,337394.741639,3.3405813203,0.0884661865
57,57,7-21,7-21.01,7-21.01,COACHELLA VALLEY,INDIO,299783.559,A,4,482841.837849,4.8253174118,0.1169069204
58,58,7-52,,7-52,PLEASANT VALLEY,,9733.13,C,4,49167.3250903,0.4980146664,0.0038041141
59,59,4-11,4-11.03,4-11.03,COASTAL PLAIN OF LOS ANGELES,WEST COAST,91660.634,A,4,190686.645429,1.8789044864,0.0368363915
60,60,8-5,,8-5,SAN JACINTO,,188623.328,C,4,486753.142872,4.8298360589,0.0738200267
61,61,7-40,,7-40,QUIEN SABE POINT VALLEY,,25488.681,C,4,83967.6331496,0.8302867118,0.0099058622
62,62,7-21,7-21.03,7-21.03,COACHELLA VALLEY,DESERT HOT SPRINGS,101862.372,C,4,340115.551288,3.3558710595,0.0397641041
63,63,4-22,,4-22,MALIBU VALLEY,,615.269,C,4,7939.18347122,0.0790805951,0.000242338
64,64,7-21,7-21.04,7-21.04,COACHELLA VALLEY,SAN GORGONIO PASS,38823.156,A,4,168508.398255,1.6586514387,0.0152114305
65,65,8-2,8-2.08,8-2.08,UPPER SANTA ANA VALLEY,SAN TIMOTEO,73540.517,A,4,156310.896798,1.5750881605,0.0288387471
66,66,7-53,,7-53,HEXIE MOUNTAIN AREA,,11235.909,C,4,54465.8936879,0.5455646085,0.004395487
67,67,4-11,4-11.04,4-11.04,COASTAL PLAIN OF LOS ANGELES,CENTRAL,180356.74,A,4,158473.589227,1.5762165524,0.0708884679
68,68,4-11,4-11.01,4-11.01,COASTAL PLAIN OF LOS ANGELES,SANTA MONICA,31845.682,C,4,83612.5684066,0.8282308848,0.0125351398
69,69,7-21,7-21.02,7-21.02,COACHELLA VALLEY,MISSION CREEK,48966.313,A,4,176553.569117,1.7992117251,0.0191677363
70,70,8-2,8-2.07,8-2.07,UPPER SANTA ANA VALLEY,YUCAIPA,25409.953,A,4,83503.9133423,0.8652173346,0.0099730072
71,71,8-2,8-2.03,8-2.03,UPPER SANTA ANA VALLEY,RIVERSIDE-ARLINGTON,58902.595,A,4,180914.24101,1.7915128725,0.0231207617
72,72,7-5,,7-5,CHUCKWALLA VALLEY,,608995.152,C,4,929457.968514,9.2724438999,0.2367828564
73,73,4-11,4-11.02,4-11.02,COASTAL PLAIN OF LOS ANGELES,HOLLYWOOD,10108.093,A,4,40689.2615716,0.4131593354,0.0039809537
74,74,7-51,,7-51,LOST HORSE VALLEY,,17454.725,C,4,143086.211069,1.4292235908,0.0068331483
75,75,7-20,,7-20,MORONGO VALLEY,,7285.608,C,4,50565.3636168,0.511899237,0.0028569076
76,76,4-16,,4-16,HIDDEN VALLEY,,2216.665,C,4,23170.2214845,0.2379717953,0.0008745051
77,77,7-6,,7-6,PINTO VALLEY,,184377.403,A,4,650043.476908,6.4828000385,0.0719778878
78,78,4-19,,4-19,THOUSAND OAKS AREA,,3114.757,C,4,29712.7215695,0.2964726332,0.0012288022
79,79,4-20,,4-20,RUSSELL VALLEY,,3087.227,A,4,23856.683051,0.2406989859,0.0012178559
80,80,7-12,,7-12,WARREN VALLEY,,23951.79,A,4,146842.159819,1.4713296555,0.009390734
81,81,4-13,,4-13,SAN GABRIEL VALLEY,,127278.42,A,4,293712.344107,2.9629540567,0.0500833259
82,82,7-62,,7-62,JOSHUA TREE,,27421.608,A,4,128356.687767,1.2903335392,0.0107439557
83,83,8-2,8-2.01,8-2.01,UPPER SANTA ANA VALLEY,CHINO,154692.552,A,4,174610.100793,1.7327422525,0.060794902
84,84,8-2,8-2.02,8-2.02,UPPER SANTA ANA VALLEY,CUCAMONGA,9573.975,C,4,35139.3360355,0.3419058177,0.0037672936
85,85,8-8,,8-8,SEVEN OAKS VALLEY,,4103.004,C,4,26037.0959509,0.268643197,0.0016125171
86,86,4-10,,4-10,CONEJO,,18847.949,A,4,59422.0411811,0.601870793,0.0074399576
87,87,4-23,,4-23,RAYMOND,,26310.102,A,4,63019.4799175,0.6400106703,0.0103669489
88,88,8-7,,8-7,BIG MEADOWS VALLEY,,14262.595,C,4,67057.56411,0.6827644734,0.0056037353
89,89,4-7,,4-7,ARROYO SANTA ROSA VALLEY,,3746.837,A,4,21712.5586747,0.2268922139,0.0014798649
90,90,4-6,,4-6,PLEASANT VALLEY,,21653.584,A,4,63376.1046096,0.6359906996,0.0085512678
91,91,7-11,,7-11,COPPER MOUNTAIN VALLEY,,30539.699,A,4,102889.80973,1.0558480408,0.011982203
92,92,4-15,,4-15,TIERRA REJADA,,4610.756,A,4,24163.4378861,0.244238452,0.0018211055
93,93,8-2,8-2.06,8-2.06,UPPER SANTA ANA VALLEY,BUNKER HILL,80972.228,A,4,141712.458895,1.4429081654,0.0318273432
94,94,4-4,4-4.02,4-4.02,SANTA CLARA RIVER VALLEY,OXNARD,58199.963,A,4,103616.254675,1.0269034899,0.0229811483
95,95,7-4,,7-4,RICE VALLEY,,190622.27,C,4,269419.069396,2.6702196213,0.0742735792
96,96,4-9,,4-9,SIMI VALLEY,,12191.675,A,4,61920.5832528,0.6319049549,0.004815529
97,97,4-4,4-4.03,4-4.03,SANTA CLARA RIVER VALLEY,MOUND,14845.879,A,4,49503.4691628,0.5000581784,0.0058685479
98,98,7-49,,7-49,PIPES CANYON FAULT VALLEY,,3407.872,C,4,27500.7641341,0.2684165729,0.0013394302
99,99,8-9,,8-9,BEAR VALLEY,,19666.92,A,4,83989.791071,0.866933288,0.0077343393
100,100,4-8,,4-8,LAS POSAS VALLEY,,42352.679,A,4,80208.2346292,0.8238704358,0.0167373688
101,101,8-2,8-2.04,8-2.04,UPPER SANTA ANA VALLEY,RIALTO-COLTON,30224.045,A,4,162745.018537,1.6392833023,0.0118879772
102,102,4-12,,4-12,SAN FERNANDO VALLEY,,145353.628,A,4,411549.169389,4.1533964559,0.057344549
103,103,7-10,,7-10,TWENTYNINE PALMS VALLEY,,62829.29,C,4,85923.8719756,0.8692794458,0.0246457951
104,104,7-48,,7-48,HELENDALE FAULT VALLEY,,2636.456,C,4,30969.5173083,0.3135578736,0.0010370603
105,105,4-3,4-3.02,4-3.02,VENTURA RIVER VALLEY,LOWER VENTURA RIVER,5311.888,A,4,55051.6539133,0.5487879872,0.0021010216
106,106,7-41,,7-41,CALZONA VALLEY,,81707.622,C,4,106212.797935,1.0452326572,0.0318579332
107,107,8-2,8-2.05,8-2.05,UPPER SANTA ANA VALLEY,CAJON,23305.687,C,4,90246.0472866,0.9153704848,0.0091882615
108,108,3-18,,3-18,CARPINTERIA,,8140.198,A,4,30004.1694227,0.3097032276,0.0032241086
109,109,4-4,4-4.04,4-4.04,SANTA CLARA RIVER VALLEY,SANTA PAULA,22899.336,A,4,64176.1278862,0.640871398,0.0090570166
110,110,3-17,,3-17,SANTA BARBARA,,6172.977,A,4,27537.1328976,0.2856903589,0.0024464844
111,111,7-42,,7-42,VIDAL VALLEY,,139576.928,C,4,290052.770532,2.8734706597,0.0544767021
112,112,4-4,4-4.05,4-4.05,SANTA CLARA RIVER VALLEY,FILLMORE,20841.59,A,4,50420.8673016,0.5125770351,0.0082463896
113,113,3-49,,3-49,MONTECITO,,6285.459,A,4,45663.5256935,0.464134852,0.0024909587
114,114,7-13,7-13.02,7-13.02,DEADMAN VALLEY,SURPRISE SPRING,29506.884,C,4,49968.9632231,0.4798879269,0.0115946003
115,115,4-1,,4-1,UPPER OJAI VALLEY,,3815.08,A,4,39009.3180245,0.4013737492,0.0015108394
116,116,3-53,,3-53,FOOTHILL,,3123.35,A,4,23804.2736847,0.2481849659,0.0012382036
117,117,4-4,4-4.06,4-4.06,SANTA CLARA RIVER VALLEY,PIRU,8915.402,A,4,52908.5746221,0.542914282,0.0035271652
118,118,3-16,,3-16,GOLETA,,9228.94,A,4,40522.8189148,0.4207130543,0.003658656
119,119,4-2,,4-2,OJAI VALLEY,,6850.566,A,4,36648.7595507,0.372855016,0.0027136607
120,120,4-3,4-3.01,4-3.01,VENTURA RIVER VALLEY,UPPER VENTURA RIVER,7429.841,C,4,44064.827352,0.4295464464,0.0029425977
121,121,7-9,,7-9,DALE VALLEY,,214649.465,C,4,524302.81661,5.187316293,0.0841051129
122,122,7-17,,7-17,MEANS VALLEY,,15061.275,C,4,66767.8090264,0.6563626594,0.00592922
123,123,4-5,,4-5,ACTON VALLEY,,8299.98,A,4,86897.3889922,0.8689640794,0.0032850334
124,124,7-18,7-18.01,7-18.01,JOHNSON VALLEY,SOGGY LAKE,77864.579,C,4,221368.705984,2.2141261924,0.0306599921
125,125,3-15,,3-15,SANTA YNEZ RIVER VALLEY,,242.799,A,4,481577.29292,4.8578003947,0.0813827006
126,126,7-16,,7-16,AMES VALLEY,,109340.271,C,4,384656.098063,3.8681159238,0.0429860216
127,127,4-4,4-4.07,4-4.07,SANTA CLARA RIVER VALLEY,SANTA CLARA RIVER VALLEY EAST,66416.848,C,4,305872.815239,3.044390585,0.0262752448
128,128,7-18,7-18.02,7-18.02,JOHNSON VALLEY,UPPER JOHNSON VALLEY,35050.175,C,4,86184.15621,0.8544458439,0.0138169986
129,129,7-13,7-13.01,7-13.01,DEADMAN VALLEY,DEADMAN LAKE,89793.444,C,4,172320.602055,1.7034982535,0.0353187447
130,130,7-7,,7-7,CADIZ VALLEY,,272930.463,C,4,461199.50208,4.648329594,0.1069305872
131,131,7-19,,7-19,LUCERNE VALLEY,,148467.354,A,4,463872.782456,4.6163516591,0.0585788862
132,132,7-50,,7-50,IRON RIDGE AREA,,5283.75,C,4,37039.1938486,0.3744034491,0.0020862596
133,133,7-15,,7-15,BESSEMER VALLEY,,39378.589,C,4,159825.969416,1.5943597703,0.015533488
134,134,6-42,,6-42,UPPER MOJAVE RIVER VALLEY,,415295.093,A,4,584765.68094,5.8713454286,0.1640031492
135,135,6-43,,6-43,EL MIRAGE VALLEY,,76291.933,A,4,166873.496826,1.6273428225,0.0301721541
136,136,6-89,,6-89,KANE WASH AREA,,5997.377,C,4,47524.6821099,0.4758795798,0.0023706865
137,137,4-18,,4-18,HUNGRY VALLEY,,5323.683,C,4,58704.5914479,0.5813720112,0.0021148328
138,138,4-17,,4-17,LOCKWOOD VALLEY,,21840.788,A,4,65286.2215299,0.6708326125,0.0086798754
139,139,5-83,,5-83,CUDDY RANCH AREA,,4213.017,C,4,22378.3925788,0.229393215,0.0016753207
140,140,7-43,,7-43,CHEMEHUEVI VALLEY,,275713.166,A,4,502971.959059,5.0212740985,0.1079987971
141,141,5-82,,5-82,CUDDY CANYON VALLEY,,3308.008,C,3,41247.9547726,0.413011999,0.0013154674
142,142,7-8,,7-8,BRISTOL VALLEY,,501834.388,A,4,1018540.33078,10.1346139986,0.1973282223
143,143,5-84,,5-84,CUDDY VALLEY,,3473.592,A,3,31228.0001971,0.3249698616,0.0013819488
144,144,5-85,,5-85,MIL POTRERO AREA,,2314.005,C,3,23811.3382692,0.2396294995,0.0009209305
145,145,3-14,,3-14,SAN ANTONIO CREEK VALLEY,,81941.17,A,4,165074.399339,1.6904146771,0.0326365275
146,146,5-29,,5-29,CASTAC LAKE VALLEY,,3573.349,C,3,49936.6195633,0.5036878282,0.0014213341
147,147,7-14,,7-14,LAVIC VALLEY,,103132.07,C,4,281412.038783,2.7816042962,0.0407236381
148,148,6-32,,6-32,BROADWELL VALLEY,,92687.981,C,4,297635.575286,2.9833321548,0.0366195016
149,149,6-41,,6-41,MIDDLE MOJAVE RIVER VALLEY,,212594.957,A,4,630214.594186,6.3409807214,0.0842191171
150,150,6-90,,6-90,CADY FAULT AREA,,8015.049,C,4,44881.8002979,0.4481742817,0.0031730285
151,151,7-3,,7-3,WARD VALLEY,,564569.368,A,4,946848.854009,9.468497867,0.2211826034
152,152,6-40,,6-40,LOWER MOJAVE RIVER VALLEY,,287562.907,A,4,616980.729287,6.1905647545,0.1139077908
153,153,5-80,,5-80,BRITE VALLEY,,3180.528,A,3,32416.026027,0.3186063487,0.0012682466
154,154,5-27,,5-27,CUMMINGS VALLEY,,10051.075,A,3,42911.0155209,0.427541911,0.0040087859
155,155,6-38,,6-38,CAVES CANYON VALLEY,,73542.272,A,4,174356.72725,1.7401944107,0.0291579619
156,156,3-45,,3-45,HUASNA VALLEY,,4705.655,C,3,54319.0082464,0.5220678945,0.0018820518
157,157,7-44,,7-44,NEEDLES VALLEY,,89101.263,A,4,181790.011362,1.8158605225,0.0350664903
158,158,5-28,,5-28,TEHACHAPI VALLEY WEST,,14853.538,A,3,52367.6607749,0.5159192335,0.0059242297
159,159,3-12,,3-12,SANTA MARIA,,184247.703,A,4,289231.307931,2.8997808669,0.0735402656
160,160,7-2,,7-2,FENNER VALLEY,,457632.459,A,4,726852.818215,7.219822706,0.1803791154
161,161,6-44,,6-44,ANTELOPE VALLEY,,1014596.386,A,4,1496311.85718,15.1198244039,0.4025858311
162,162,3-13,,3-13,CUYAMA VALLEY,,242114.129,A,4,579134.405526,5.8819247315,0.0964811468
163,163,6-45,,6-45,TEHACHAPI VALLEY EAST,,24054.796,C,4,163160.422922,1.6330123532,0.0095930525
164,164,6-37,,6-37,COYOTE LAKE VALLEY,,88734.595,A,4,242544.874813,2.4212043076,0.0352364655
165,165,3-47,,3-47,BIG SPRING AREA,,7331.614,C,3,52891.8396842,0.5378210685,0.0029349765
166,166,6-36,6-36.01,6-36.01,LANGFORD VALLEY,LANGFORD WELL LAKE,19456.725,C,4,81449.4202889,0.8212274862,0.0077328658
167,167,3-46,,3-46,RAFAEL VALLEY,,2995.767,C,3,31429.2963062,0.3091975834,0.0011999063
168,168,3-9,,3-9,SAN LUIS OBISPO VALLEY,,12724.392,A,3,67620.6466198,0.6831419021,0.0050974728
169,169,6-36,6-36.02,6-36.02,LANGFORD VALLEY,IRWIN,10557.175,C,4,50679.1990874,0.5150152987,0.0042003489
170,170,6-31,,6-31,KELSO VALLEY,,257278.472,C,4,485606.264073,4.8905477364,0.1017588995
171,171,3-8,,3-8,LOS OSOS VALLEY,,6993.549,A,3,38704.9939526,0.3993394026,0.0028046045
172,172,6-47,,6-47,HARPER VALLEY,,411826.466,A,4,743228.979677,7.4982169032,0.1637036358
173,173,3-43,,3-43,RINCONADA VALLEY,,2578.888,C,3,26903.8771605,0.2703526701,0.0010341553
174,174,3-44,,3-44,POZO VALLEY,,6852.431,C,3,91414.0341754,0.9230864615,0.0027469815
175,175,3-42,,3-42,CHORRO VALLEY,,1547.116,C,3,19837.1259451,0.2048000468,0.0006207878
176,176,6-35,,6-35,CRONISE VALLEY,,127313.405,C,4,263462.037601,2.6464656137,0.0505782502
177,177,7-45,,7-45,PIUTE VALLEY,,177318.977,C,4,296335.410973,2.9425270147,0.0699985984
178,178,3-41,,3-41,MORRO VALLEY,,645.772,C,3,8935.03270095,0.091394932,0.0002592143
179,179,6-77,,6-77,GRASS VALLEY,,10033.469,C,4,33582.6313999,0.3371924906,0.0040036018
180,180,5-22,5-22.14,5-22.14,SAN JOAQUIN VALLEY,KERN COUNTY,1089.915,A,3,931702.579636,9.5464128696,0.7815803768
181,181,3-40,,3-40,TORO VALLEY,,721.616,C,3,11621.217228,0.1165910873,0.0002898112
182,182,6-48,,6-48,GOLDSTONE VALLEY,,28286.71,C,4,165533.420589,1.6664007675,0.0112670882
183,183,6-69,,6-69,KELSO LANDER VALLEY,,11207.727,C,4,39654.9993202,0.3930790129,0.0044828319
184,184,6-49,,6-49,SUPERIOR VALLEY,,121084.385,C,4,433812.668832,4.3084728689,0.0482373761
185,185,3-19,,3-19,CARRIZO PLAIN,,210896.098,C,3,295015.956945,2.9849951733,0.0843778255
186,186,5-26,,5-26,WALKER BASIN CREEK VALLEY,,7692.84,C,3,42178.2292183,0.4229493885,0.0030791288
187,187,6-50,,6-50,CUDDEBACK VALLEY,,95418.253,C,4,291764.857352,2.9522962345,0.0380640656
188,188,6-34,,6-34,SILVER LAKE VALLEY,,35518.505,C,4,89862.0581,0.9086077893,0.0141243111
189,189,3-38,,3-38,CAYUCOS VALLEY,,335.799,C,3,7117.19577532,0.0665389926,0.0001349291
190,190,7-1,,7-1,LANFAIR VALLEY,,158359.47,C,4,311286.07297,3.0750354887,0.0626869504
191,191,6-46,,6-46,FREMONT VALLEY,,336682.21,C,4,541976.248696,5.5335361294,0.1342332382
192,192,6-33,,6-33,SODA LAKE VALLEY,,383560.135,C,4,947065.724479,9.5501943378,0.1520812151
193,193,3-39,,3-39,OLD VALLEY,,1179.095,C,3,18088.2708234,0.1735549071,0.0004738888
194,194,3-37,,3-37,VILLA VALLEY,,1357.807,C,3,20472.7754118,0.1987138093,0.0005458407
195,195,6-24,,6-24,RED PASS VALLEY,,97088.025,C,4,224944.955887,2.2526274689,0.0386559025
196,196,6-25,,6-25,BICYCLE VALLEY,,90100.203,C,4,203491.032463,2.0881083035,0.0359237653
197,197,6-26,,6-26,AVAWATZ VALLEY,,27825.836,C,4,103086.137768,1.0520431755,0.0110965719
198,198,3-36,,3-36,SANTA ROSA VALLEY,,3524.652,A,3,47846.9098133,0.4929167711,0.0014179513
199,199,6-23,,6-23,RIGGS VALLEY,,88274.447,C,4,236628.76384,2.3679327021,0.0351405075
200,200,3-35,,3-35,SAN SIMEON VALLEY,,559.759,A,3,11080.3743829,0.1138666028,0.0002253367
201,201,6-78,,6-78,DENNING SPRING VALLEY,,7289.006,C,4,48411.7373481,0.4978155785,0.0029096154
202,202,6-51,,6-51,PILOT KNOB VALLEY,,139460.176,C,4,420171.065623,4.2120547626,0.0557315718
203,203,6-27,,6-27,LEACH VALLEY,,61619.961,C,4,181689.560839,1.8690336636,0.0246205447
204,204,3-34,,3-34,ARROYO DE LA CRUZ VALLEY,,1027.635,C,3,13262.7242867,0.1389590095,0.000414313
205,205,6-30,,6-30,IVANPAH VALLEY,,200154.786,C,4,304021.303119,3.0633941144,0.0795216908
206,206,6-53,,6-53,SALT WELLS VALLEY,,29628.794,C,4,104166.194253,1.0447603307,0.0118711368
207,207,3-33,,3-33,SAN CARPOFORO VALLEY,,1053.725,C,3,12949.1571281,0.1347105209,0.000425079
208,208,6-22,,6-22,UPPER KINGSTON VALLEY,,178532.989,C,4,414606.806761,4.182130398,0.0710333315
209,209,6-76,,6-76,BROWN MOUNTAIN VALLEY,,21862.347,C,4,69536.4411151,0.6912752339,0.0087547586
210,210,6-21,,6-21,LOWER KINGSTON VALLEY,,241892.122,C,4,359909.05404,3.6294398648,0.0965281749
211,211,6-71,,6-71,LOST LAKE VALLEY,,23414.115,C,4,96779.3597649,0.9521357726,0.0093746816
212,212,6-88,,6-88,OWL LAKE VALLEY,,22402.326,C,4,99873.2241965,0.997588774,0.0089668687
213,213,5-22,5-22.10,5-22.10,SAN JOAQUIN VALLEY,PLEASANT VALLEY,13619.142,B,3,361552.592034,3.6348877817,0.0589241258
214,214,5-25,,5-25,KERN RIVER VALLEY,,79678.376,C,3,469533.234965,4.6978451096,0.0319832039
215,215,6-19,,6-19,WINGATE VALLEY,,71755.21,C,4,224282.438736,2.2562600609,0.0287573203
216,216,6-54,,6-54,INDIAN WELLS VALLEY,,383492.371,A,4,747643.698069,7.5521373283,0.1537401424
217,217,6-52,,6-52,SEARLES VALLEY,,198114.866,C,4,390252.995351,3.9311487995,0.0793459104
218,218,3-5,,3-5,CHOLAME VALLEY,,39847.035,C,3,181581.617274,1.8236010845,0.0160777061
219,219,6-29,,6-29,MESQUITE VALLEY,,89011.761,C,4,200411.0462,2.0026195711,0.0355403027
220,220,6-82,,6-82,SPRING CANYON VALLEY,,4831.556,C,4,37230.5580241,0.3715014145,0.001940058
221,221,3-4,3-4.06,3-4.06,SALINAS VALLEY,PASO ROBLES AREA,597241,A,3,666086.502231,6.5503827674,0.2405048058
222,222,6-86,,6-86,RHODES HILL AREA,,15697.38,C,4,89905.3612626,0.9022188014,0.0062954255
223,223,6-55,,6-55,COSO VALLEY,,25683.829,C,4,76157.3106753,0.7644592573,0.0103317921
224,224,6-81,,6-81,BUTTE VALLEY,,8852.939,C,4,49438.5737926,0.4956912489,0.0035567739
225,225,6-80,,6-80,MIDDLE PARK CANYON,,1752.152,C,4,13850.0547334,0.148481597,0.0007044455
226,226,6-73,,6-73,WILD HORSE MESA AREA,,3337.367,C,4,24568.8879251,0.2471574941,0.0013431678
227,227,6-79,,6-79,CALIFORNIA VALLEY,,58638.91,C,4,126206.477527,1.2441750983,0.0234659052
228,228,3-6,,3-6,LOCKWOOD VALLEY,,59932.712,C,3,163719.356615,1.659400096,0.0242295489
229,229,6-85,,6-85,GOLD VALLEY,,3234.119,C,4,30110.1071537,0.303708624,0.0012994347
230,230,5-22,5-22.13,5-22.13,SAN JOAQUIN VALLEY,TULE,469958.778,B,3,241978.706509,2.5006951989,0.1896094453
231,231,6-56,,6-56,ROSE VALLEY,,42709.101,C,4,118185.384797,1.1859748496,0.0172101269
232,232,6-72,,6-72,COLES FLAT,,2960.576,C,4,21642.2750395,0.2072159885,0.0011935863
233,233,6-70,,6-70,CACTUS FLAT,,7056.063,C,4,35278.1372205,0.3383072454,0.002848253
234,234,6-28,,6-28,PAHRUMP VALLEY,,93747.446,C,4,169688.311803,1.6864742652,0.0375848704
235,235,3-4,3-4.05,3-4.05,SALINAS VALLEY,UPPER VALLEY AQUIFER,98163.83,A,3,170703.016001,1.7362649814,0.039773545
236,236,6-75,,6-75,WILDROSE CANYON,,5182.441,C,4,37788.722435,0.3878843044,0.0020904096
237,237,3-32,,3-32,PEACH TREE VALLEY,,9790.644,C,3,90397.2474694,0.9149651072,0.003970658
238,238,6-84,,6-84,GREENWATER VALLEY,,60259.742,C,4,159461.004201,1.5928750085,0.0242347804
239,239,6-57,,6-57,DARWIN VALLEY,,44386.12,C,4,159861.114278,1.5676338574,0.0179042647
240,240,3-31,,3-31,HERNANDEZ VALLEY,,2864.835,C,3,31077.714393,0.3146834511,0.0011642112
241,241,6-68,,6-68,SANTA ROSA FLAT,,411.03,C,4,87956.3262036,0.8635910239,0.0068216995
242,242,6-13,,6-13,BLACK SPRINGS VALLEY,,30911.054,C,4,81896.7906987,0.8075968843,0.0124944269
243,243,5-22,5-22.12,5-22.12,SAN JOAQUIN VALLEY,TULARE LAKE,524538.901,B,3,259301.980815,2.5824329237,0.2121083204
244,244,6-74,,6-74,HARRISBURG FLATS,,25076.97,C,4,103884.072251,1.0806639713,0.0101275945
245,245,3-4,3-4.04,3-4.04,SALINAS VALLEY,FOREBAY AQUIFER,94024.567,A,3,116130.425987,1.1854972682,0.0382242617
246,246,3-30,,3-30,BITTER WATER VALLEY,,32221.71,C,3,117942.056159,1.1628521447,0.0131021775
247,247,6-58,,6-58,PANAMINT VALLEY,,260754.027,C,4,377185.181577,3.7402583939,0.1051298287
248,248,5-71,,5-71,VALLECITOS CREEK VALLEY,,15109.865,C,3,56341.6658946,0.5820617891,0.0061482034
249,249,5-22,5-22.11,5-22.11,SAN JOAQUIN VALLEY,KAWEAH,446282.733,B,3,431287.115053,4.3765790925,0.1808073033
250,250,3-29,,3-29,DRY LAKE VALLEY,,1416.123,C,3,18250.4437148,0.1851303999,0.0005766467
251,251,3-7,,3-7,CARMEL VALLEY,,5151.423,C,3,54436.2393562,0.5666628215,0.0020983775
252,252,6-65,,6-65,COTTONWOOD SPRING AREA,,3917.743,C,4,23931.7274701,0.2316514975,0.0015864031
253,253,6-66,,6-66,LEE FLAT,,20379.9,C,4,89891.5406432,0.8998888411,0.0082580239
254,254,3-4,3-4.10,3-4.10,SALINAS VALLEY,CORRAL DE TIERRA AREA,22273.553,C,3,50009.6857422,0.515345406,0.0090815431
255,255,6-64,,6-64,MARBLE CANYON AREA,,10421.552,C,4,46376.0171973,0.4491128189,0.0042230021
256,256,6-20,,6-20,MIDDLE AMARGOSA VALLEY,,392861.565,C,4,736437.238586,7.3515589072,0.1579177947
257,257,5-23,,5-23,PANOCHE VALLEY,,33090.097,C,3,107836.83885,1.1212306979,0.0134861759
258,258,3-28,,3-28,SAN BENITO RIVER VALLEY,,24222.587,C,3,78656.4478164,0.7859032575,0.0098680636
259,259,3-4,3-4.08,3-4.08,SALINAS VALLEY,SEASIDE AREA,25902.787,B,3,53941.7553539,0.5429658247,0.0105672256
260,260,3-25,,3-25,TRES PINOS VALLEY,,3385.428,C,3,22547.5868084,0.2279596413,0.0013822934
261,261,3-4,3-4.02,3-4.02,SALINAS VALLEY,EAST SIDE AQUIFER,57451.993,A,3,111980.347531,1.1412769597,0.0234348885
262,262,6-63,,6-63,HIDDEN VALLEY,,18036.808,C,4,110777.969013,1.0863232242,0.0073210379
263,263,5-22,5-22.09,5-22.09,SAN JOAQUIN VALLEY,WESTSIDE,640503.941,C,3,365194.626242,3.6597480331,0.2602570707
264,264,3-23,,3-23,UPPER SANTA ANA VALLEY,,1430.606,C,3,12918.2217491,0.1254058154,0.0005846578
265,265,6-62,,6-62,RACE TRACK VALLEY,,14184.202,C,4,62766.8180067,0.6130247691,0.0057609986
266,266,3-4,3-4.01,3-4.01,SALINAS VALLEY,180/400 FOOT AQUIFER,84321.086,A,3,122197.035058,1.2275547617,0.0344063733
267,267,3-4,3-4.09,3-4.09,SALINAS VALLEY,LANGLEY AREA,15343.519,B,3,35676.857414,0.364868829,0.0062717038
268,268,3-22,,3-22,SANTA ANA VALLEY,,2723.649,C,3,17217.401767,0.1724536007,0.0011137267
269,269,6-61,,6-61,CAMEO AREA,,9349.093,C,4,42090.5563362,0.4121790666,0.0038018639
270,270,3-24,,3-24,QUIEN SABE VALLEY,,4706.195,C,3,46923.2917925,0.4567860327,0.0019242068
271,271,3-3,3-3.04,3-3.04,GILROY-HOLLISTER VALLEY,SAN JUAN BAUTISTA AREA,74304.94,A,3,189666.063635,1.9438722331,0.030353036
272,272,5-22,5-22.08,5-22.08,SAN JOAQUIN VALLEY,KINGS,977029.736,C,3,495252.608055,5.0587861556,0.3978247359
273,273,3-52,,3-52,NEEDLE ROCK POINT,,479.239,C,3,8347.0756853,0.0897370234,0.0001963645
274,274,3-3,3-3.02,3-3.02,GILROY-HOLLISTER VALLEY,BOLSA AREA,20911.608,A,3,41675.5629211,0.4150875603,0.0085606658
275,275,3-26,,3-26,WEST SANTA CRUZ TERRACE,,366.457,C,3,55539.881437,0.5691556804,0.003221949
276,276,3-51,,3-51,MAJORS CREEK,,363.557,C,3,6422.26528697,0.0666727391,0.000148994
277,277,5-70,,5-70,LOS BANOS CREEK VALLEY,,4835.059,C,3,28820.1848414,0.2984975142,0.0019803356
278,278,3-1,,3-1,SOQUEL VALLEY,,2514.684,C,3,17351.5036502,0.1745351605,0.001030604
279,279,3-3,3-3.03,3-3.03,GILROY-HOLLISTER VALLEY,HOLLISTER AREA,32729.083,A,3,83131.4814212,0.8185411104,0.0133965861
280,280,3-2,,3-2,PAJARO VALLEY,,88061.871,A,3,122482.399864,1.2486827126,0.0360518112
281,281,6-17,,6-17,SALINE VALLEY,,146849.518,C,4,353443.151787,3.5060462088,0.0597168632
282,282,3-27,,3-27,SCOTTS VALLEY,,773.07,C,3,11473.3335058,0.1146432099,0.0003171225
283,283,3-50,,3-50,FELTON AREA,,1155.327,C,3,17234.5127258,0.1676220098,0.0004739628
284,284,3-21,,3-21,SANTA CRUZ PURISIMA FORMATION,,40165.561,C,3,125740.468315,1.2903791804,0.0164719969
285,285,3-20,,3-20,ANO NUEVO AREA,,2030.156,C,3,13434.5206244,0.1347021077,0.0008337049
286,286,3-3,3-3.01,3-3.01,GILROY-HOLLISTER VALLEY,LLAGAS AREA,55967.082,C,3,138871.910411,1.405992768,0.0229521626
287,287,5-22,5-22.05,5-22.05,SAN JOAQUIN VALLEY,CHOWCHILLA,159318.779,B,3,148457.140826,1.534383466,0.0652902685
288,288,5-22,5-22.06,5-22.06,SAN JOAQUIN VALLEY,MADERA,393428.575,B,3,277854.829576,2.8478731819,0.1609398528
289,289,2-26,,2-26,PESCADERO VALLEY,,2904.01,C,2,42652.0661139,0.4309205327,0.0011944733
290,290,6-18,,6-18,DEATH VALLEY,,926496.102,C,4,1524547.84436,15.2828833298,0.3741951458
291,291,2-24,,2-24,SAN GREGORIO VALLEY,,1073.69,C,2,15168.4084747,0.1644394249,0.0004420546
292,292,6-15,,6-15,DEEP SPRINGS VALLEY,,30048.033,C,4,92064.8752909,0.9189666145,0.0123128878
293,293,6-16,,6-16,EUREKA VALLEY,,129329.041,C,4,340730.881083,3.3633309472,0.0528952509
294,294,2-9,2-9.02,2-9.02,SANTA CLARA VALLEY,SANTA CLARA,190234.599,C,2,240328.57844,2.4985510003,0.0783182292
295,295,5-22,5-22.04,5-22.04,SAN JOAQUIN VALLEY,MERCED,491255.108,B,3,270620.579455,2.7935123267,0.2019622512
296,296,2-22,,2-22,HALF MOON BAY TERRACE,,9189.323,C,2,78883.5768239,0.7870157783,0.0037903285
297,297,2-9,2-9.03,2-9.03,SANTA CLARA VALLEY,SAN MATEO PLAIN,37707.484,C,2,140719.362046,1.4409546537,0.0155595979
298,298,2-36,,2-36,SAN PEDRO VALLEY,,701.722,C,2,10986.5719841,0.1131328776,0.0002899053
299,299,2-9,2-9.01,2-9.01,SANTA CLARA VALLEY,NILES CONE,57905.493,A,2,73472.7131816,0.7533526483,0.0239025774
300,300,2-11,,2-11,SUNOL VALLEY,,16622.912,C,2,53476.4521364,0.5533370376,0.00686653
301,301,5-22,5-22.03,5-22.03,SAN JOAQUIN VALLEY,TURLOCK,347145.922,B,3,240005.041859,2.5005257915,0.1431639111
302,302,6-14,,6-14,FISH LAKE VALLEY,,48333.297,C,4,104980.578613,1.0598662278,0.019844202
303,303,5-22,5-22.07,5-22.07,SAN JOAQUIN VALLEY,DELTA-MENDOTA,746696.649,B,3,595673.328138,5.9949342739,0.3061349469
304,304,2-8,,2-8,CASTRO VALLEY,,1820.535,C,2,15682.8793918,0.1574412043,0.0007530334
305,305,2-32,,2-32,VISITACION VALLEY,,5826.937,C,2,29723.4684289,0.3054871645,0.0024105148
306,306,2-37,,2-37,SOUTH SAN FRANCISCO,,2174.973,C,2,23526.1775689,0.249479858,0.000900148
307,307,5-69,,5-69,YOSEMITE VALLEY,,7465.163,C,3,71046.5744969,0.7350549226,0.0030833633
308,308,6-11,,6-11,LONG VALLEY,,72028.419,A,4,160310.677611,1.6410121932,0.0296946447
309,309,2-33,,2-33,ISLAIS VALLEY,,5937.082,C,2,40522.7853212,0.4193470304,0.0024573297
310,310,2-10,,2-10,LIVERMORE VALLEY,,69530.961,A,2,127345.191538,1.306527214,0.0287519432
311,311,2-35,,2-35,WESTSIDE,,25385.556,C,2,94764.7607595,0.9562981883,0.0105004464
312,312,2-9,2-9.04,2-9.04,SANTA CLARA VALLEY,EAST BAY PLAIN,4768.703,A,2,274838.790313,2.8178605725,0.0320084385
313,313,2-38,,2-38,LOBOS,,2359.058,A,2,14680.7826896,0.156227557,0.0009771272
314,314,2-40,,2-40,DOWNTOWN,,7634.642,C,2,48779.0465107,0.499122043,0.0031617841
315,315,2-39,,2-39,MARINA,,2186.138,A,2,23086.6884091,0.243129133,0.000905704
316,316,5-22,5-22.02,5-22.02,SAN JOAQUIN VALLEY,MODESTO,246518.254,B,3,224104.454375,2.3350699788,0.101901009
317,317,2-7,,2-7,SAN RAMON VALLEY,,7053.145,C,2,80274.0232454,0.8177044816,0.0029219958
318,318,6-12,,6-12,OWENS VALLEY,,663457.976,A,4,1219997.7129,12.3009221038,0.2705039728
319,319,2-28,,2-28,ROSS VALLEY,,1763.336,C,2,16984.3611036,0.1764486374,0.0007318711
320,320,6-10,,6-10,ADOBE LAKE VALLEY,,39977.855,C,4,133577.505874,1.32473782,0.016526858
321,321,2-29,,2-29,SAN RAFAEL VALLEY,,874.146,C,2,13061.5082328,0.1330123902,0.000362943
322,322,2-31,,2-31,ARROYO DEL HAMBRE VALLEY,,785.786,C,2,11273.6031939,0.1180856426,0.0003264919
323,323,2-6,,2-6,YGNACIO VALLEY,,15459.19,C,2,55980.278151,0.5634170626,0.0064170807
324,324,2-4,,2-4,PITTSBURG PLAIN,,11606.575,C,2,44232.0309096,0.4640643497,0.0048222947
325,325,2-5,,2-5,CLAYTON VALLEY,,17835.649,C,2,65875.3978804,0.6722369574,0.0074077209
326,326,5-22,5-22.15,5-22.15,SAN JOAQUIN VALLEY,TRACY,344883.541,C,2,237542.0578,2.4242014514,0.1429505557
327,327,6-9,,6-9,MONO VALLEY,,173299.287,C,4,243475.421645,2.4920559329,0.0718112545
328,328,2-30,,2-30,NOVATO VALLEY,,20519.128,C,2,139746.609053,1.4286322209,0.0085340505
329,329,5-22,5-22.01,5-22.01,SAN JOAQUIN VALLEY,EASTERN SAN JOAQUIN,707073.137,A,2,355606.409807,3.6541505853,0.2934673715
330,330,2-27,,2-27,SAND POINT AREA,,1405.173,C,2,15221.0603849,0.1547726053,0.0005856043
331,331,2-2,2-2.03,2-2.03,NAPA-SONOMA VALLEY,NAPA-SONOMA LOWLANDS,40454.723,C,2,150255.812564,1.5240726788,0.0168445706
332,332,2-3,,2-3,SUISUN-FAIRFIELD VALLEY,,133505.355,C,2,249287.024879,2.5352415947,0.0555923831
333,333,2-1,,2-1,PETALUMA VALLEY,,46042.933,C,2,137182.653619,1.4044430553,0.0191843879
334,334,1-57,,1-57,BODEGA BAY AREA,,657.253,A,2,34898.399147,0.3565804313,0.0011164491
335,335,6-8,,6-8,BRIDGEPORT VALLEY,,32544.565,C,2,125828.650287,1.2773521039,0.0135320254
336,336,2-2,2-2.02,2-2.02,NAPA-SONOMA VALLEY,SONOMA VALLEY,44626.179,C,2,103770.981002,1.0401711247,0.0186009476
337,337,6-107,,6-107,SWEETWATER FLAT,,4746.488,C,2,55078.1524613,0.5632742611,0.0019776637
338,338,1-61,,1-61,FORT ROSS TERRACE DEPOSITS,,1558.495,C,2,148451.767312,1.5131097662,0.0035562882
339,339,2-19,,2-19,KENWOOD VALLEY,,5135.077,C,2,25460.1542228,0.2676440469,0.0021456074
340,340,5-22,5-22.16,5-22.16,SAN JOAQUIN VALLEY,COSUMNES,280489.798,A,2,176631.567904,1.8076513001,0.1169413206
341,341,1-59,,1-59,WILSON GROVE FORMATION HIGHLANDS,,86399.765,C,2,233579.688595,2.4074145152,0.0360531796
342,342,6-106,,6-106,LITTLE ANTELOPE VALLEY,,2491.371,C,2,17847.1397602,0.1809879615,0.0010399383
343,343,5-21,5-21.66,5-21.66,SACRAMENTO VALLEY,SOLANO,424832.279,C,2,223522.746911,2.3115728693,0.1771945683
344,344,1-55,1-55.03,1-55.03,SANTA ROSA VALLEY,RINCON VALLEY,5548.812,C,2,31188.4553714,0.3156751679,0.0023202762
345,345,1-60,,1-60,LOWER RUSSIAN RIVER VALLEY,,6639.497,C,2,84534.681679,0.8934437847,0.0027765492
346,346,1-55,1-55.01,1-55.01,SANTA ROSA VALLEY,SANTA ROSA PLAIN,80059.449,A,2,119073.832832,1.2059680087,0.033457548
347,347,5-20,,5-20,BERRYESSA VALLEY,,665.481,C,2,20692.4240725,0.2050527604,0.0005761556
348,348,2-2,2-2.01,2-2.01,NAPA-SONOMA VALLEY,NAPA VALLEY,45894.639,A,2,164178.604687,1.6669992422,0.0191723361
349,349,6-105,,6-105,SLINKARD VALLEY,,4517.368,C,2,32494.9712864,0.3115036029,0.0018878299
350,350,6-7,,6-7,ANTELOPE VALLEY,,20124.813,A,2,59762.7785423,0.5847354036,0.0084083245
351,351,1-49,,1-49,ANNAPOLIS OHLSON RANCH FM HIGHLANDS,,449.291,C,2,125884.741036,1.2743666005,0.0036258472
352,352,5-68,,5-68,POPE VALLEY,,7177.257,C,2,83010.0287651,0.8690622297,0.0030070694
353,353,1-50,,1-50,KNIGHTS VALLEY,,4086.231,C,2,30187.2980982,0.3106733421,0.0017123558
354,354,5-21,5-21.65,5-21.65,SACRAMENTO VALLEY,SOUTH AMERICAN,247745.095,C,2,201909.492301,2.0538699098,0.1035200063
355,355,5-21,5-21.67,5-21.67,SACRAMENTO VALLEY,YOLO,225717.825,B,2,154160.858726,1.6300432635,0.094523467
356,356,1-55,1-55.02,1-55.02,SANTA ROSA VALLEY,HEALDSBURG AREA,15399.987,C,2,61343.5824848,0.6098871663,0.0064520606
357,357,5-19,,5-19,COLLAYOMI VALLEY,,6496.464,B,2,43700.9830957,0.4476239946,0.0027263357
358,358,5-18,,5-18,COYOTE VALLEY,,6528.14,B,2,48109.2901978,0.499607887,0.0027406269
359,359,6-6,,6-6,CARSON VALLEY,,10481.789,C,2,57757.6047437,0.5874220841,0.0044923392
360,360,1-54,1-54.02,1-54.02,ALEXANDER VALLEY,CLOVERDALE AREA,6524.966,C,2,42017.0319175,0.4273708952,0.0027398246
361,361,5-21,5-21.68,5-21.68,SACRAMENTO VALLEY,CAPAY VALLEY,24969.621,C,2,69010.9874001,0.6855068989,0.0104869284
362,362,6-5,6-5.01,6-5.01,TAHOE VALLEY,TAHOE SOUTH,14813.645,C,2,72909.9990218,0.7349143651,0.0062198892
363,363,5-30,,5-30,LOWER LAKE VALLEY,,2403.895,B,1,25002.07886,0.264751392,0.0010112787
364,364,1-21,,1-21,FORT BRAGG TERRACE AREA,,697.674,C,2,320843.09269,3.316122998,0.010190236
365,365,1-56,,1-56,McDOWELL VALLEY,,1486.426,C,2,15569.3366196,0.153039025,0.0006257343
366,366,5-17,,5-17,BURNS VALLEY,,2872.857,B,1,19907.4030882,0.2019285829,0.0012095122
367,367,5-21,5-21.64,5-21.64,SACRAMENTO VALLEY,NORTH AMERICAN,340169.985,A,2,198434.239299,2.0300496057,0.1427647996
368,368,1-20,,1-20,GARCIA RIVER VALLEY,,2242.095,C,2,27134.0122393,0.2825832657,0.0009435909
369,369,5-15,,5-15,BIG VALLEY,,24212.152,B,1,59818.7352832,0.6112420698,0.0101927167
370,370,1-53,,1-53,SANEL VALLEY,,5568.075,C,2,52569.6585392,0.5428050326,0.0023443427
371,371,5-16,,5-16,HIGH VALLEY,,2356.049,B,1,19421.462962,0.2112491737,0.0009928962
372,372,5-66,,5-66,CLEAR LAKE CACHE FORMATION,,29717.318,B,1,78876.1907742,0.810056506,0.0125133923
373,373,5-14,,5-14,SCOTTS VALLEY,,7320.217,B,1,40499.1897158,0.4150139508,0.0030851873
374,374,1-19,,1-19,ANDERSON VALLEY,,4969.059,C,2,38617.1326665,0.3970518555,0.0020937635
375,375,5-31,,5-31,LONG VALLEY,,2799.332,B,1,41964.2805605,0.4422228501,0.001180308
376,376,5-92,,5-92,BLANCHARD VALLEY,,1569.298,B,1,31925.0726732,0.2990574492,0.0009372473
377,377,6-5,6-5.02,6-5.02,TAHOE VALLEY,TAHOE WEST,6172.526,C,2,50165.7257641,0.5044525839,0.0025995422
378,378,5-93,,5-93,NORTH FORK CACHE CREEK,,3474.08,C,1,40057.0494015,0.4104081424,0.0014655269
379,379,6-108,,6-108,OLYMPIC VALLEY,,702.398,C,2,9301.21460897,0.1014584238,0.0002962339
380,380,5-21,5-21.61,5-21.61,SACRAMENTO VALLEY,SOUTH YUBA,104486.42,C,2,101418.144307,1.0290431077,0.0440318936
381,381,5-13,,5-13,UPPER LAKE VALLEY,,7260.087,B,1,52773.9863974,0.5426268054,0.0030642721
382,382,5-21,5-21.62,5-21.62,SACRAMENTO VALLEY,SUTTER,234263.758,C,2,178537.277017,1.8100116714,0.0986712585
383,383,1-46,,1-46,NAVARRO RIVER VALLEY,,769.89,C,2,18734.1813926,0.2036271002,0.000325035
384,384,5-64,,5-64,BEAR VALLEY,,9104.127,B,1,56918.1658126,0.5385514288,0.0038415294
385,385,6-5,6-5.03,6-5.03,TAHOE VALLEY,TAHOE NORTH,1931.239,C,2,14051.918953,0.1463670816,0.0008148719
386,386,5-94,,5-94,MIDDLE CREEK,,704.681,B,1,14660.5647486,0.1435289312,0.0002977308
387,387,5-65,,5-65,LITTLE INDIAN VALLEY,,1268.571,B,1,9078.47192903,0.0944531249,0.000536492
388,388,5-91,,5-91,ANTELOPE CREEK,,2039.457,B,1,28646.2572278,0.2754382683,0.0008623691
389,389,1-52,,1-52,UKIAH VALLEY,,37507.727,C,2,115091.854122,1.1442214156,0.0158363971
390,390,1-45,,1-45,BIG RIVER VALLEY,,1684.626,C,2,43551.4460657,0.4571982344,0.0007123402
391,391,1-51,,1-51,POTTER VALLEY,,8236.466,C,2,40047.765833,0.4098632347,0.0034840213
392,392,6-67,,6-67,MARTIS VALLEY,,36381.224,C,2,83106.9114373,0.853017438,0.0153718149
393,393,5-90,,5-90,FUNKS CREEK,,3011.9,C,1,34529.9485839,0.3497462906,0.0012749299
394,394,5-63,,5-63,STONYFORD TOWN AREA,,6436.679,B,1,31418.50948,0.3186425794,0.0027253658
395,395,1-48,,1-48,GRAVELLY VALLEY,,2973.937,C,1,23813.7501232,0.2419983768,0.0012602097
396,396,1-13,,1-13,LITTLE LAKE VALLEY,,10017.904,A,1,34320.8690021,0.3419216367,0.0042429798
397,397,5-89,,5-89,SQUAW FLAT,,1293.507,C,1,13787.1105811,0.142251522,0.0005484045
398,398,5-88,,5-88,STONY GORGE RESERVOIR,,1064.757,B,1,13829.4892895,0.1287165798,0.0004514616
399,399,1-41,,1-41,LITTLE VALLEY,,811.963,C,2,12181.0895417,0.1240534961,0.0003442751
400,400,1-42,,1-42,SHERWOOD VALLEY,,1149.846,C,1,17489.8643718,0.1880150653,0.000487827
401,401,1-40,,1-40,TEN MILE RIVER VALLEY,,1491.092,C,2,35338.2461894,0.3669282602,0.0006326401
402,402,5-62,,5-62,ELK CREEK AREA,,1438.326,B,1,11795.3638254,0.1258620493,0.0006108722
403,403,1-44,,1-44,EDEN VALLEY,,1376.35,C,1,17847.6285568,0.1799641318,0.0005847152
404,404,1-12,,1-12,LAYTONVILLE VALLEY,,405.465,A,1,45816.5806446,0.4667377255,0.0021338973
405,405,5-21,5-21.59,5-21.59,SACRAMENTO VALLEY,EAST BUTTE,265312.325,B,1,187053.930556,1.8872607557,0.1123888041
406,406,1-39,,1-39,BRANSCOMB TOWN AREA,,1381.124,C,1,23802.0452001,0.2424378148,0.0005870489
407,407,5-61,,5-61,CHROME TOWN AREA,,1408.157,B,1,18252.5725645,0.1715062392,0.0005990527
408,408,5-21,5-21.58,5-21.58,SACRAMENTO VALLEY,WEST BUTTE,181479.299,B,1,182113.634941,1.8174615108,0.0769655215
409,409,1-38,,1-38,LOWER LAYTONVILLE VALLEY,,2151.553,C,1,22485.7206337,0.21919332,0.0009153589
410,410,5-11,,5-11,MOHAWK VALLEY,,18987.083,B,1,70462.1756033,0.7379128576,0.0080742
411,411,5-60,,5-60,HUMBUG VALLEY,,9979.152,B,1,47200.0262196,0.4859530202,0.0042455489
412,412,5-21,5-21.52,5-21.52,SACRAMENTO VALLEY,COLUSA,917792.661,B,1,493498.783744,4.9974413988,0.3876152477
413,413,5-12,5-12.01,5-12.01,SIERRA VALLEY,SIERRA VALLEY,331.024,B,1,261979.684229,2.6921709863,0.050005962
414,414,1-37,,1-37,COTTONEVA CREEK VALLEY,,763.097,C,2,18503.0042057,0.1886672871,0.0003247609
415,415,5-12,5-12.02,5-12.02,SIERRA VALLEY,CHILCOOT,7550.64,B,1,36394.6454657,0.3618231965,0.0032116672
416,416,1-11,,1-11,COVELO ROUND VALLEY,,16395.757,C,1,42142.4919737,0.4313266064,0.0069817028
417,417,5-87,,5-87,MIDDLE FORK FEATHER RIVER,,4341.874,B,1,38451.2636887,0.4061620117,0.0018493052
418,418,1-43,,1-43,WILLIAMS VALLEY,,1642.116,C,1,18634.6999303,0.1995786792,0.0006998281
419,419,6-104,,6-104,LONG VALLEY,,46835.639,B,1,102772.598088,1.0084620834,0.0199090131
420,420,5-59,,5-59,GRIZZLY VALLEY,,13441.342,B,1,53524.3793715,0.5640488095,0.0057286806
421,421,5-10,,5-10,AMERICAN VALLEY,,6799.018,B,1,51691.1630696,0.5502598857,0.0028996388
422,422,5-95,,5-95,MEADOW VALLEY,,5734.102,B,1,31917.8606643,0.3302414744,0.0024456567
423,423,5-21,5-21.51,5-21.51,SACRAMENTO VALLEY,CORNING,205472.819,B,1,175648.481039,1.8559575463,0.0875743288
424,424,5-9,,5-9,INDIAN VALLEY,,124.837,B,1,215475.098765,2.2152888684,0.0125737498
425,425,5-21,5-21.57,5-21.57,SACRAMENTO VALLEY,VINA,124577.442,B,1,106069.713189,1.0860631357,0.0530816902
426,426,5-58,,5-58,CLOVER VALLEY,,16783.893,B,1,101139.827861,1.058582382,0.0071583532
427,427,5-21,5-21.56,5-21.56,SACRAMENTO VALLEY,LOS MOLINOS,33147.919,B,1,51158.3483374,0.5327001602,0.0141575684
428,428,5-57,,5-57,LAST CHANCE CREEK VALLEY,,4658.831,B,1,53523.4659452,0.5653371382,0.0019905472
429,429,5-56,,5-56,YELLOW CREEK VALLEY,,2311.057,B,1,16146.5839563,0.1667412788,0.0009886935
430,430,1-32,,1-32,GARBERVILLE TOWN AREA,,2111.729,B,1,25691.0721592,0.2631087185,0.0009032921
431,431,5-21,5-21.55,5-21.55,SACRAMENTO VALLEY,DYE CREEK,27708.962,B,1,52477.4194284,0.5319298133,0.0118526912
432,432,5-21,5-21.54,5-21.54,SACRAMENTO VALLEY,ANTELOPE,18695.909,B,1,44923.5186879,0.4592989092,0.0080055081
433,433,5-8,,5-8,MOUNTAIN MEADOWS VALLEY,,3564.606,B,1,77640.0894586,0.826667378,0.0034903635
434,434,5-21,5-21.50,5-21.50,SACRAMENTO VALLEY,RED BLUFF,274489.255,B,1,183254.387432,1.9365154414,0.1174154092
435,435,1-29,,1-29,HONEYDEW TOWN AREA,,2368.602,B,1,24609.8654133,0.2618238319,0.0010151294
436,436,1-36,,1-36,HETTENSHAW VALLEY,,846.357,B,1,9979.00518921,0.0996719097,0.000362985
437,437,5-21,5-21.53,5-21.53,SACRAMENTO VALLEY,BEND,21747.496,B,1,56484.1353,0.5957716837,0.0093259776
438,438,5-7,,5-7,LAKE ALMANOR VALLEY,,7152.177,B,1,33975.9622576,0.3494674119,0.0030670989
439,439,5-6,5-6.01,5-6.01,REDDING AREA,BOWMAN,78425.548,B,1,117642.599795,1.2662260804,0.0336393871
440,440,5-6,5-6.02,5-6.02,REDDING AREA,ROSEWOOD,46454.502,B,1,80361.2384647,0.8721291154,0.0199389232
441,441,1-28,,1-28,MATTOLE RIVER VALLEY,,3150.203,B,1,32365.6551525,0.3447046893,0.001351343
442,442,5-6,5-6.06,5-6.06,REDDING AREA,SOUTH BATTLE CREEK,33835.109,B,1,58756.0216631,0.6188503844,0.0145267916
443,443,1-31,,1-31,WEOTT TOWN AREA,,3652.736,B,1,52940.7912192,0.5569651592,0.0015675094
444,444,6-4,,6-4,HONEY LAKE VALLEY,,311741.019,B,1,308807.655741,3.2374595977,0.1334503246
445,445,1-62,,1-62,WILSON POINT AREA,,709.426,B,1,13053.9438287,0.1233954176,0.0003048548
446,446,1-33,,1-33,LARABEE VALLEY,,966.544,B,1,11874.595899,0.1236744073,0.0004154853
447,447,1-30,,1-30,PEPPERWOOD TOWN AREA,,6287.976,B,1,41947.2117583,0.4616711153,0.0027023187
448,448,1-34,,1-34,DINSMORES TOWN AREA,,2276.144,B,1,30375.0209552,0.3150568117,0.000978738
449,449,6-3,,6-3,WILLOW CREEK VALLEY,,11697.927,B,1,45299.7397525,0.4756500966,0.005031882
450,450,5-50,,5-50,NORTH FORK BATTLE CREEK,,12755.119,B,1,94171.7891122,1.0200716117,0.0054880563
451,451,5-6,5-6.03,5-6.03,REDDING AREA,ANDERSON,96856.634,B,1,118838.318509,1.2384828502,0.0416410679
452,452,6-100,,6-100,SECRET VALLEY,,33680.287,B,1,118132.109343,1.2359765621,0.0144782761
453,453,1-6,,1-6,HAYFORK VALLEY,,3294.874,B,1,38158.2448765,0.4058283488,0.0014187636
454,454,6-101,,6-101,BULL FLAT,,455.878,B,1,6742.99973933,0.0669484931,0.0001961943
455,455,6-101,,6-101,BULL FLAT,,17694.92,B,1,104890.480467,1.0548735434,0.0076054677
456,456,6-92,,6-92,PINE CREEK VALLEY,,9525.616,B,1,49343.3238191,0.5158287236,0.0041009027
457,457,6-97,,6-97,HORSE LAKE VALLEY,,2254.678,B,1,20811.5859729,0.2157775016,0.0009711282
458,458,5-6,5-6.05,5-6.05,REDDING AREA,MILLVILLE,65226.398,B,1,86612.1600227,0.8659032702,0.0280674557
459,459,5-52,,5-52,GRAYS VALLEY,,5439.577,B,1,37275.3378541,0.3900172971,0.0023441839
460,460,5-51,,5-51,BUTTE CREEK VALLEY,,3226.564,B,1,24097.9624271,0.2404553719,0.0013906859
461,461,6-97,,6-97,HORSE LAKE VALLEY,,251.41,B,1,4163.66466277,0.0414993689,0.0001083529
462,462,1-35,,1-35,HYAMPOM VALLEY,,1353.769,B,1,15124.0364164,0.1573300441,0.0005835497
463,463,5-6,5-6.04,5-6.04,REDDING AREA,ENTERPRISE,60862.065,B,1,74798.2772853,0.7649651286,0.0262124471
464,464,6-96,,6-96,EAGLE LAKE AREA,,12699.78,B,1,39671.9459142,0.3965981595,0.0054703486
465,465,6-93,,6-93,HARVEY VALLEY,,4502.526,B,1,36963.8603922,0.3909662898,0.0019412524
466,466,6-97,,6-97,HORSE LAKE VALLEY,,1321.237,B,1,15975.9359996,0.1588976698,0.0005695058
467,467,5-49,,5-49,DRY BURNEY CREEK VALLEY,,3074.369,B,1,22163.7037823,0.2336291361,0.0013268018
468,468,1-10,,1-10,EEL RIVER VALLEY,,73700.589,B,1,133167.735089,1.4146503477,0.0317416103
469,469,6-99,,6-99,PAINTERS FLAT,,6395.29,B,1,33663.574904,0.3454735121,0.0027586671
470,470,5-53,,5-53,DIXIE VALLEY,,4866.084,B,1,29140.2192462,0.3152354008,0.002104185
471,471,1-9,,1-9,EUREKA PLAIN,,33946.967,B,1,146733.543899,1.5064680474,0.0161508173
472,472,5-48,,5-48,BURNEY CREEK VALLEY,,2351.656,B,1,15432.9338143,0.1528130319,0.0010175797
473,473,6-94,,6-94,GRASSHOPPER VALLEY,,17665.371,B,1,59215.7168838,0.6010427063,0.0076341143
474,474,6-95,,6-95,DRY VALLEY,,6498.229,B,1,38267.1948688,0.3819090029,0.0028090437
475,475,5-47,,5-47,GOOSE VALLEY,,4208.11,B,1,17370.5177768,0.1770752143,0.0018220349
476,476,5-5,,5-5,FALL RIVER VALLEY,,712.824,B,1,103400.664014,1.080685578,0.0237668114
477,477,1-8,1-8.02,1-8.02,MAD RIVER VALLEY,MAD RIVER LOWLAND,25569.636,B,1,80027.6334718,0.8187682597,0.011062749
478,478,5-46,,5-46,LAKE BRITTON AREA,,14054.588,B,1,68120.95996,0.733200304,0.0060899258
479,479,6-98,,6-98,TULEDAD CANYON VALLEY,,5166.688,B,1,33243.5234184,0.3489343835,0.0022372212
480,480,6-2,,6-2,MADELINE PLAINS,,156152.245,B,1,265183.81954,2.7549734093,0.0674953366
481,481,5-45,,5-45,CAYTON VALLEY,,1306.077,B,1,9949.28978018,0.0981624279,0.0005664438
482,482,1-8,1-8.01,1-8.01,MAD RIVER VALLEY,DOWS PRAIRIE SCHOOL AREA,13981.427,B,1,36756.3040199,0.3748494018,0.0060559888
483,483,5-54,,5-54,ASH VALLEY,,6007.769,B,1,31320.3838206,0.322915283,0.0026047419
484,484,1-7,,1-7,HOOPA VALLEY,,3894.391,B,1,28974.7231063,0.2936150944,0.0016895235
485,485,5-44,,5-44,LONG VALLEY,,1087.533,B,1,15061.0180454,0.1412564731,0.0004719891
486,486,5-38,,5-38,PONDOSA TOWN AREA,,2081.812,B,1,21165.9867409,0.2239742752,0.0009047264
487,487,1-27,,1-27,BIG LAGOON AREA,,13343.021,B,1,61845.1057218,0.631358605,0.0057902498
488,488,5-40,,5-40,HOT SPRINGS VALLEY,,2404.206,B,1,25924.0134266,0.2610590588,0.0010449602
489,489,5-36,,5-36,ROUND VALLEY,,7265.814,B,1,39216.4258525,0.4225840004,0.0031585519
490,490,5-3,,5-3,JESS VALLEY,,6708.34,B,1,26668.1545956,0.2665109683,0.0029144165
491,491,5-43,,5-43,ROCK PRAIRIE VALLEY,,5739.794,B,1,28158.2638486,0.2982662029,0.0024959248
492,492,5-4,,5-4,BIG VALLEY,,92049.544,B,1,149947.834454,1.531128429,0.0399656391
493,493,5-41,,5-41,EGG LAKE VALLEY,,4101.05,B,1,23700.5338998,0.2449186217,0.0017854159
494,494,5-35,,5-35,MCCLOUD AREA,,21320.334,B,1,69870.1519196,0.700430003,0.0092802273
495,495,1-26,,1-26,REDWOOD CREEK AREA,,1995.559,B,1,29544.9771263,0.3009376708,0.0008686752
496,496,5-37,,5-37,TOAD WELL AREA,,3355.708,B,1,16096.2058374,0.1577067284,0.0014625732
497,497,1-25,,1-25,PRAIRIE CREEK AREA,,20012.832,B,1,72319.6603836,0.7310419517,0.0087244214
498,498,5-2,5-2.02,5-2.02,ALTURAS AREA,WARM SPRINGS VALLEY,68009.222,B,1,152215.90815,1.5895511614,0.0296545501
499,499,5-2,5-2.01,5-2.01,ALTURAS AREA,SOUTH FORK PITT RIVER,114163.665,B,1,289759.946939,3.0172167051,0.0497398186
500,500,5-86,,5-86,JOSEPH CREEK,,4458.025,B,1,33352.6854515,0.3498510193,0.0019481955
501,501,1-22,,1-22,FAIRCHILD SWAMP VALLEY,,3277.834,B,1,20012.2718811,0.1954712572,0.0014328962
502,502,1-14,,1-14,LOWER KLAMATH RIVER VALLEY,,7025.634,B,1,79459.4430978,0.8264511697,0.0030691073
503,503,1-5,,1-5,SCOTT RIVER VALLEY,,63780.278,B,1,384940.229637,3.9867089013,0.0278636479
504,504,1-17,,1-17,BRAY TOWN AREA,,8027.234,B,1,45479.9527015,0.4714095871,0.00351256
505,505,1-18,,1-18,RED ROCK VALLEY,,8995.624,B,1,49038.9251782,0.5266233789,0.0039433797
506,506,1-4,,1-4,SHASTA VALLEY,SHASTA VALLEY,52589.331,B,1,294472.072631,3.0892127221,0.023029075
507,507,1-15,,1-15,HAPPY CAMP TOWN AREA,,2771.104,B,1,34222.7605886,0.3530768257,0.0012155666
508,508,5-1,5-1.01,5-1.01,GOOSE LAKE,GOOSE VALLEY,35966.202,B,1,111490.552608,1.1264227728,0.0157447555
509,509,1-16,,1-16,SEIAD VALLEY,,2243.257,B,1,31439.7412437,0.3380017901,0.0009848352
510,510,6-1,,6-1,SURPRISE VALLEY,,228460.166,B,1,278184.183703,2.6931334528,0.0997036387
511,511,6-91,,6-91,COW HEAD LAKE VALLEY,,5625.259,B,1,21428.0852013,0.2216273734,0.0024692296
512,512,5-1,5-1.02,5-1.02,GOOSE LAKE,FANDANGO VALLEY,18438.625,B,1,65766.8884053,0.6645287166,0.0080924709
513,513,1-2,1-2.02,1-2.02,KLAMATH RIVER VALLEY,LOWER KLAMATH,75332.657,B,1,151248.010053,1.572867976,0.0331091876
514,514,1-3,,1-3,BUTTE VALLEY,,79688.643,B,1,145378.910993,1.4957828555,0.0349988076
515,515,1-1,,1-1,SMITH RIVER PLAIN,,40446.31,B,1,87000.3068817,0.8630025637,0.0177517422
516,516,5-21,5-21.60,5-21.60,SACRAMENTO VALLEY,NORTH YUBA,203557.23,C,2,119210.816011,1.1905411862,0.0436144903
517,517,1-2,1-2.01,1-2.01,KLAMATH RIVER VALLEY,TULELAKE,85934.237,B,1,118853.837415,1.2130750997,0.0377533177
518,518,1-54,1-54.01,1-54.01,ALEXANDER VALLEY,ALEXANDER AREA,24464.429,C,2,82729.0788242,0.8471322692,0.0102522621
